index;Dato Num√©rico;fecha_key;ubicacion_key;causa_key;sexo_key
0;206,00;0;0;0;0
1;209,00;1;0;0;0
2;187,00;2;0;0;0
3;22,00;0;1;0;0
4;17,00;1;1;0;0
5;7,00;2;1;0;0
6;122,00;0;2;0;0
7;144,00;1;2;0;0
8;176,00;2;2;0;0
9;288,00;0;3;0;0
10;401,00;1;3;0;0
11;381,00;2;3;0;0
12;506,00;0;4;0;0
13;366,00;1;4;0;0
14;287,00;2;4;0;0
15;70,00;0;5;0;0
16;90,00;1;5;0;0
17;130,00;2;5;0;0
18;72,00;0;6;0;0
19;67,00;1;6;0;0
20;78,00;2;6;0;0
21;53,00;0;7;0;0
22;36,00;1;7;0;0
23;42,00;2;7;0;0
24;59,00;0;8;0;0
25;56,00;1;8;0;0
26;62,00;2;8;0;0
27;62,00;0;9;0;0
28;29,00;1;9;0;0
29;43,00;2;9;0;0
30;105,00;0;10;0;0
31;97,00;1;10;0;0
32;91,00;2;10;0;0
33;11,00;0;11;0;0
34;4,00;1;11;0;0
35;4,00;2;11;0;0
36;100,00;0;12;0;0
37;56,00;1;12;0;0
38;65,00;2;12;0;0
39;89,00;0;13;0;0
40;75,00;1;13;0;0
41;69,00;2;13;0;0
42;1,00;0;14;0;0
43;62,00;0;15;0;0
44;38,00;1;15;0;0
45;36,00;2;15;0;0
46;42,00;0;16;0;0
47;53,00;1;16;0;0
48;40,00;2;16;0;0
49;117,00;0;17;0;0
50;98,00;1;17;0;0
51;78,00;2;17;0;0
52;43,00;0;18;0;0
53;29,00;1;18;0;0
54;28,00;2;18;0;0
55;49,00;0;19;0;0
56;29,00;1;19;0;0
57;80,00;2;19;0;0
58;29,00;0;20;0;0
59;32,00;1;20;0;0
60;32,00;2;20;0;0
61;73,00;0;21;0;0
62;76,00;1;21;0;0
63;83,00;2;21;0;0
64;61,00;0;22;0;0
65;47,00;1;22;0;0
66;63,00;2;22;0;0
67;5,00;0;23;0;0
68;1,00;1;23;0;0
69;0,00;2;23;0;0
70;1,00;0;24;0;0
71;2,00;1;24;0;0
72;1,00;2;24;0;0
73;9,00;0;25;0;0
74;5,00;1;25;0;0
75;7,00;2;25;0;0
76;9,00;0;26;0;0
77;4,00;1;26;0;0
78;2,00;2;26;0;0
79;8,00;0;27;0;0
80;5,00;1;27;0;0
81;0,00;2;27;0;0
82;25,00;0;28;0;0
83;20,00;1;28;0;0
84;28,00;2;28;0;0
85;9,00;0;29;0;0
86;5,00;1;29;0;0
87;2,00;2;29;0;0
88;14,00;0;30;0;0
89;9,00;1;30;0;0
90;5,00;2;30;0;0
91;903,00;0;31;0;0
92;842,00;1;31;0;0
93;861,00;2;31;0;0
94;57,00;0;32;0;0
95;24,00;1;32;0;0
96;28,00;2;32;0;0
97;0,00;1;33;0;0
98;0,00;2;33;0;0
99;1,00;2;34;0;0
100;0,00;0;0;1;0
101;2,00;1;0;1;0
102;6,00;2;0;1;0
103;2,00;0;1;1;0
104;4,00;1;1;1;0
105;7,00;2;1;1;0
106;17,00;0;2;1;0
107;17,00;1;2;1;0
108;14,00;2;2;1;0
109;4,00;0;3;1;0
110;8,00;1;3;1;0
111;1,00;2;3;1;0
112;7,00;0;4;1;0
113;9,00;1;4;1;0
114;8,00;2;4;1;0
115;0,00;0;5;1;0
116;3,00;1;5;1;0
117;0,00;2;5;1;0
118;0,00;0;6;1;0
119;1,00;1;6;1;0
120;0,00;2;6;1;0
121;2,00;0;7;1;0
122;2,00;1;7;1;0
123;1,00;2;7;1;0
124;2,00;0;8;1;0
125;0,00;1;8;1;0
126;6,00;2;8;1;0
127;3,00;0;9;1;0
128;2,00;1;9;1;0
129;0,00;2;9;1;0
130;1,00;0;10;1;0
131;3,00;1;10;1;0
132;3,00;2;10;1;0
133;0,00;0;11;1;0
134;0,00;1;11;1;0
135;0,00;2;11;1;0
136;0,00;0;12;1;0
137;3,00;1;12;1;0
138;0,00;2;12;1;0
139;0,00;0;13;1;0
140;0,00;1;13;1;0
141;1,00;2;13;1;0
142;0,00;0;14;1;0
143;3,00;0;15;1;0
144;1,00;1;15;1;0
145;1,00;2;15;1;0
146;2,00;0;16;1;0
147;0,00;1;16;1;0
148;1,00;2;16;1;0
149;8,00;0;17;1;0
150;14,00;1;17;1;0
151;16,00;2;17;1;0
152;2,00;0;18;1;0
153;1,00;1;18;1;0
154;4,00;2;18;1;0
155;0,00;0;19;1;0
156;1,00;1;19;1;0
157;1,00;2;19;1;0
158;2,00;0;20;1;0
159;1,00;1;20;1;0
160;0,00;2;20;1;0
161;1,00;0;21;1;0
162;0,00;1;21;1;0
163;1,00;2;21;1;0
164;2,00;0;22;1;0
165;0,00;1;22;1;0
166;1,00;2;22;1;0
167;0,00;0;23;1;0
168;0,00;1;23;1;0
169;0,00;2;23;1;0
170;0,00;0;24;1;0
171;0,00;1;24;1;0
172;0,00;2;24;1;0
173;0,00;0;25;1;0
174;1,00;1;25;1;0
175;0,00;2;25;1;0
176;0,00;0;26;1;0
177;0,00;1;26;1;0
178;1,00;2;26;1;0
179;0,00;0;27;1;0
180;2,00;1;27;1;0
181;0,00;2;27;1;0
182;0,00;0;28;1;0
183;0,00;1;28;1;0
184;1,00;2;28;1;0
185;2,00;0;29;1;0
186;0,00;1;29;1;0
187;0,00;2;29;1;0
188;2,00;0;30;1;0
189;0,00;1;30;1;0
190;1,00;2;30;1;0
191;2,00;0;31;1;0
192;1,00;1;31;1;0
193;4,00;2;31;1;0
194;2,00;0;32;1;0
195;2,00;1;32;1;0
196;1,00;2;32;1;0
197;0,00;1;33;1;0
198;0,00;2;33;1;0
199;0,00;2;34;1;0
200;15,00;0;0;2;0
201;17,00;1;0;2;0
202;22,00;2;0;2;0
203;4,00;0;1;2;0
204;8,00;1;1;2;0
205;5,00;2;1;2;0
206;35,00;0;2;2;0
207;29,00;1;2;2;0
208;25,00;2;2;2;0
209;48,00;0;3;2;0
210;23,00;1;3;2;0
211;6,00;2;3;2;0
212;96,00;0;4;2;0
213;76,00;1;4;2;0
214;62,00;2;4;2;0
215;5,00;0;5;2;0
216;11,00;1;5;2;0
217;14,00;2;5;2;0
218;7,00;0;6;2;0
219;3,00;1;6;2;0
220;1,00;2;6;2;0
221;16,00;0;7;2;0
222;15,00;1;7;2;0
223;13,00;2;7;2;0
224;6,00;0;8;2;0
225;12,00;1;8;2;0
226;10,00;2;8;2;0
227;1,00;0;9;2;0
228;3,00;1;9;2;0
229;6,00;2;9;2;0
230;10,00;0;10;2;0
231;14,00;1;10;2;0
232;11,00;2;10;2;0
233;2,00;0;11;2;0
234;1,00;1;11;2;0
235;1,00;2;11;2;0
236;13,00;0;12;2;0
237;12,00;1;12;2;0
238;7,00;2;12;2;0
239;4,00;0;13;2;0
240;7,00;1;13;2;0
241;5,00;2;13;2;0
242;0,00;0;14;2;0
243;3,00;0;15;2;0
244;9,00;1;15;2;0
245;4,00;2;15;2;0
246;4,00;0;16;2;0
247;0,00;1;16;2;0
248;0,00;2;16;2;0
249;39,00;0;17;2;0
250;32,00;1;17;2;0
251;63,00;2;17;2;0
252;18,00;0;18;2;0
253;15,00;1;18;2;0
254;20,00;2;18;2;0
255;8,00;0;19;2;0
256;9,00;1;19;2;0
257;4,00;2;19;2;0
258;3,00;0;20;2;0
259;3,00;1;20;2;0
260;8,00;2;20;2;0
261;4,00;0;21;2;0
262;10,00;1;21;2;0
263;3,00;2;21;2;0
264;3,00;0;22;2;0
265;13,00;1;22;2;0
266;6,00;2;22;2;0
267;1,00;0;23;2;0
268;1,00;1;23;2;0
269;0,00;2;23;2;0
270;0,00;0;24;2;0
271;1,00;1;24;2;0
272;0,00;2;24;2;0
273;4,00;0;25;2;0
274;2,00;1;25;2;0
275;2,00;2;25;2;0
276;5,00;0;26;2;0
277;3,00;1;26;2;0
278;4,00;2;26;2;0
279;0,00;0;27;2;0
280;1,00;1;27;2;0
281;4,00;2;27;2;0
282;4,00;0;28;2;0
283;6,00;1;28;2;0
284;5,00;2;28;2;0
285;0,00;0;29;2;0
286;1,00;1;29;2;0
287;1,00;2;29;2;0
288;5,00;0;30;2;0
289;8,00;1;30;2;0
290;2,00;2;30;2;0
291;12,00;0;31;2;0
292;27,00;1;31;2;0
293;19,00;2;31;2;0
294;11,00;0;32;2;0
295;5,00;1;32;2;0
296;6,00;2;32;2;0
297;0,00;1;33;2;0
298;0,00;2;33;2;0
299;0,00;2;34;2;0
300;4,00;0;0;3;0
301;9,00;1;0;3;0
302;5,00;2;0;3;0
303;2,00;0;1;3;0
304;1,00;1;1;3;0
305;0,00;2;1;3;0
306;18,00;0;2;3;0
307;15,00;1;2;3;0
308;16,00;2;2;3;0
309;0,00;0;3;3;0
310;0,00;1;3;3;0
311;2,00;2;3;3;0
312;16,00;0;4;3;0
313;20,00;1;4;3;0
314;24,00;2;4;3;0
315;2,00;0;5;3;0
316;5,00;1;5;3;0
317;2,00;2;5;3;0
318;3,00;0;6;3;0
319;0,00;1;6;3;0
320;1,00;2;6;3;0
321;6,00;0;7;3;0
322;3,00;1;7;3;0
323;3,00;2;7;3;0
324;3,00;0;8;3;0
325;11,00;1;8;3;0
326;7,00;2;8;3;0
327;1,00;0;9;3;0
328;0,00;1;9;3;0
329;0,00;2;9;3;0
330;1,00;0;10;3;0
331;5,00;1;10;3;0
332;2,00;2;10;3;0
333;1,00;0;11;3;0
334;0,00;1;11;3;0
335;0,00;2;11;3;0
336;6,00;0;12;3;0
337;1,00;1;12;3;0
338;3,00;2;12;3;0
339;12,00;0;13;3;0
340;8,00;1;13;3;0
341;9,00;2;13;3;0
342;0,00;0;14;3;0
343;2,00;0;15;3;0
344;7,00;1;15;3;0
345;7,00;2;15;3;0
346;0,00;0;16;3;0
347;1,00;1;16;3;0
348;2,00;2;16;3;0
349;3,00;0;17;3;0
350;14,00;1;17;3;0
351;7,00;2;17;3;0
352;3,00;0;18;3;0
353;7,00;1;18;3;0
354;3,00;2;18;3;0
355;6,00;0;19;3;0
356;6,00;1;19;3;0
357;2,00;2;19;3;0
358;3,00;0;20;3;0
359;1,00;1;20;3;0
360;1,00;2;20;3;0
361;2,00;0;21;3;0
362;9,00;1;21;3;0
363;10,00;2;21;3;0
364;1,00;0;22;3;0
365;4,00;1;22;3;0
366;4,00;2;22;3;0
367;0,00;0;23;3;0
368;0,00;1;23;3;0
369;0,00;2;23;3;0
370;0,00;0;24;3;0
371;0,00;1;24;3;0
372;0,00;2;24;3;0
373;0,00;0;25;3;0
374;0,00;1;25;3;0
375;0,00;2;25;3;0
376;0,00;0;26;3;0
377;0,00;1;26;3;0
378;0,00;2;26;3;0
379;0,00;0;27;3;0
380;1,00;1;27;3;0
381;0,00;2;27;3;0
382;2,00;0;28;3;0
383;4,00;1;28;3;0
384;1,00;2;28;3;0
385;11,00;0;29;3;0
386;0,00;1;29;3;0
387;1,00;2;29;3;0
388;12,00;0;30;3;0
389;3,00;1;30;3;0
390;2,00;2;30;3;0
391;17,00;0;31;3;0
392;14,00;1;31;3;0
393;15,00;2;31;3;0
394;3,00;0;32;3;0
395;6,00;1;32;3;0
396;6,00;2;32;3;0
397;0,00;1;33;3;0
398;0,00;2;33;3;0
399;0,00;2;34;3;0
400;3,00;0;0;4;0
401;5,00;1;0;4;0
402;5,00;2;0;4;0
403;1,00;0;1;4;0
404;3,00;1;1;4;0
405;1,00;2;1;4;0
406;10,00;0;2;4;0
407;9,00;1;2;4;0
408;5,00;2;2;4;0
409;13,00;0;3;4;0
410;9,00;1;3;4;0
411;5,00;2;3;4;0
412;13,00;0;4;4;0
413;19,00;1;4;4;0
414;12,00;2;4;4;0
415;3,00;0;5;4;0
416;2,00;1;5;4;0
417;5,00;2;5;4;0
418;0,00;0;6;4;0
419;0,00;1;6;4;0
420;0,00;2;6;4;0
421;7,00;0;7;4;0
422;6,00;1;7;4;0
423;8,00;2;7;4;0
424;3,00;0;8;4;0
425;3,00;1;8;4;0
426;1,00;2;8;4;0
427;0,00;0;9;4;0
428;2,00;1;9;4;0
429;1,00;2;9;4;0
430;4,00;0;10;4;0
431;5,00;1;10;4;0
432;1,00;2;10;4;0
433;0,00;0;11;4;0
434;1,00;1;11;4;0
435;2,00;2;11;4;0
436;3,00;0;12;4;0
437;1,00;1;12;4;0
438;2,00;2;12;4;0
439;1,00;0;13;4;0
440;1,00;1;13;4;0
441;1,00;2;13;4;0
442;0,00;0;14;4;0
443;1,00;0;15;4;0
444;0,00;1;15;4;0
445;2,00;2;15;4;0
446;0,00;0;16;4;0
447;0,00;1;16;4;0
448;0,00;2;16;4;0
449;8,00;0;17;4;0
450;3,00;1;17;4;0
451;4,00;2;17;4;0
452;1,00;0;18;4;0
453;4,00;1;18;4;0
454;3,00;2;18;4;0
455;5,00;0;19;4;0
456;1,00;1;19;4;0
457;3,00;2;19;4;0
458;3,00;0;20;4;0
459;0,00;1;20;4;0
460;1,00;2;20;4;0
461;1,00;0;21;4;0
462;2,00;1;21;4;0
463;1,00;2;21;4;0
464;2,00;0;22;4;0
465;3,00;1;22;4;0
466;0,00;2;22;4;0
467;2,00;0;23;4;0
468;0,00;1;23;4;0
469;0,00;2;23;4;0
470;2,00;0;24;4;0
471;0,00;1;24;4;0
472;0,00;2;24;4;0
473;1,00;0;25;4;0
474;1,00;1;25;4;0
475;0,00;2;25;4;0
476;0,00;0;26;4;0
477;0,00;1;26;4;0
478;0,00;2;26;4;0
479;0,00;0;27;4;0
480;0,00;1;27;4;0
481;2,00;2;27;4;0
482;4,00;0;28;4;0
483;5,00;1;28;4;0
484;1,00;2;28;4;0
485;0,00;0;29;4;0
486;0,00;1;29;4;0
487;0,00;2;29;4;0
488;0,00;0;30;4;0
489;2,00;1;30;4;0
490;2,00;2;30;4;0
491;3,00;0;31;4;0
492;3,00;1;31;4;0
493;5,00;2;31;4;0
494;0,00;0;32;4;0
495;1,00;1;32;4;0
496;0,00;2;32;4;0
497;0,00;1;33;4;0
498;0,00;2;33;4;0
499;0,00;2;34;4;0
500;17,00;0;0;5;0
501;31,00;1;0;5;0
502;19,00;2;0;5;0
503;2,00;0;1;5;0
504;1,00;1;1;5;0
505;1,00;2;1;5;0
506;12,00;0;2;5;0
507;11,00;1;2;5;0
508;7,00;2;2;5;0
509;8,00;0;3;5;0
510;16,00;1;3;5;0
511;15,00;2;3;5;0
512;52,00;0;4;5;0
513;29,00;1;4;5;0
514;22,00;2;4;5;0
515;3,00;0;5;5;0
516;5,00;1;5;5;0
517;2,00;2;5;5;0
518;6,00;0;6;5;0
519;14,00;1;6;5;0
520;12,00;2;6;5;0
521;3,00;0;7;5;0
522;4,00;1;7;5;0
523;5,00;2;7;5;0
524;5,00;0;8;5;0
525;7,00;1;8;5;0
526;3,00;2;8;5;0
527;6,00;0;9;5;0
528;2,00;1;9;5;0
529;2,00;2;9;5;0
530;14,00;0;10;5;0
531;18,00;1;10;5;0
532;8,00;2;10;5;0
533;4,00;0;11;5;0
534;3,00;1;11;5;0
535;0,00;2;11;5;0
536;2,00;0;12;5;0
537;0,00;1;12;5;0
538;0,00;2;12;5;0
539;0,00;0;13;5;0
540;3,00;1;13;5;0
541;4,00;2;13;5;0
542;0,00;0;14;5;0
543;3,00;0;15;5;0
544;2,00;1;15;5;0
545;1,00;2;15;5;0
546;0,00;0;16;5;0
547;1,00;1;16;5;0
548;2,00;2;16;5;0
549;3,00;0;17;5;0
550;6,00;1;17;5;0
551;1,00;2;17;5;0
552;10,00;0;18;5;0
553;8,00;1;18;5;0
554;2,00;2;18;5;0
555;6,00;0;19;5;0
556;10,00;1;19;5;0
557;10,00;2;19;5;0
558;28,00;0;20;5;0
559;13,00;1;20;5;0
560;3,00;2;20;5;0
561;3,00;0;21;5;0
562;0,00;1;21;5;0
563;1,00;2;21;5;0
564;2,00;0;22;5;0
565;2,00;1;22;5;0
566;1,00;2;22;5;0
567;3,00;0;23;5;0
568;0,00;1;23;5;0
569;0,00;2;23;5;0
570;3,00;0;24;5;0
571;0,00;1;24;5;0
572;0,00;2;24;5;0
573;0,00;0;25;5;0
574;0,00;1;25;5;0
575;0,00;2;25;5;0
576;0,00;0;26;5;0
577;0,00;1;26;5;0
578;0,00;2;26;5;0
579;8,00;0;27;5;0
580;1,00;1;27;5;0
581;3,00;2;27;5;0
582;3,00;0;28;5;0
583;2,00;1;28;5;0
584;1,00;2;28;5;0
585;3,00;0;29;5;0
586;1,00;1;29;5;0
587;1,00;2;29;5;0
588;27,00;0;30;5;0
589;10,00;1;30;5;0
590;10,00;2;30;5;0
591;18,00;0;31;5;0
592;14,00;1;31;5;0
593;11,00;2;31;5;0
594;10,00;0;32;5;0
595;2,00;1;32;5;0
596;1,00;2;32;5;0
597;0,00;1;33;5;0
598;0,00;2;33;5;0
599;0,00;2;34;5;0
600;1,00;0;0;6;0
601;0,00;1;0;6;0
602;1,00;2;0;6;0
603;2,00;0;1;6;0
604;7,00;1;1;6;0
605;0,00;2;1;6;0
606;0,00;0;2;6;0
607;0,00;1;2;6;0
608;0,00;2;2;6;0
609;0,00;0;3;6;0
610;0,00;1;3;6;0
611;0,00;2;3;6;0
612;30,00;0;4;6;0
613;16,00;1;4;6;0
614;9,00;2;4;6;0
615;0,00;0;5;6;0
616;7,00;1;5;6;0
617;1,00;2;5;6;0
618;3,00;0;6;6;0
619;1,00;1;6;6;0
620;2,00;2;6;6;0
621;1,00;0;7;6;0
622;0,00;1;7;6;0
623;0,00;2;7;6;0
624;1,00;0;8;6;0
625;0,00;1;8;6;0
626;1,00;2;8;6;0
627;10,00;0;9;6;0
628;0,00;1;9;6;0
629;0,00;2;9;6;0
630;15,00;0;10;6;0
631;7,00;1;10;6;0
632;1,00;2;10;6;0
633;6,00;0;11;6;0
634;3,00;1;11;6;0
635;1,00;2;11;6;0
636;0,00;0;12;6;0
637;0,00;1;12;6;0
638;0,00;2;12;6;0
639;0,00;0;13;6;0
640;0,00;1;13;6;0
641;0,00;2;13;6;0
642;0,00;0;14;6;0
643;0,00;0;15;6;0
644;0,00;1;15;6;0
645;0,00;2;15;6;0
646;0,00;0;16;6;0
647;0,00;1;16;6;0
648;0,00;2;16;6;0
649;0,00;0;17;6;0
650;0,00;1;17;6;0
651;0,00;2;17;6;0
652;21,00;0;18;6;0
653;6,00;1;18;6;0
654;2,00;2;18;6;0
655;19,00;0;19;6;0
656;11,00;1;19;6;0
657;13,00;2;19;6;0
658;10,00;0;20;6;0
659;5,00;1;20;6;0
660;0,00;2;20;6;0
661;0,00;0;21;6;0
662;0,00;1;21;6;0
663;0,00;2;21;6;0
664;0,00;0;22;6;0
665;0,00;1;22;6;0
666;0,00;2;22;6;0
667;0,00;0;23;6;0
668;0,00;1;23;6;0
669;2,00;2;23;6;0
670;2,00;0;24;6;0
671;1,00;1;24;6;0
672;0,00;2;24;6;0
673;4,00;0;25;6;0
674;0,00;1;25;6;0
675;0,00;2;25;6;0
676;0,00;0;26;6;0
677;0,00;1;26;6;0
678;0,00;2;26;6;0
679;1,00;0;27;6;0
680;2,00;1;27;6;0
681;0,00;2;27;6;0
682;2,00;0;28;6;0
683;1,00;1;28;6;0
684;1,00;2;28;6;0
685;7,00;0;29;6;0
686;5,00;1;29;6;0
687;4,00;2;29;6;0
688;66,00;0;30;6;0
689;51,00;1;30;6;0
690;58,00;2;30;6;0
691;7,00;0;31;6;0
692;0,00;1;31;6;0
693;0,00;2;31;6;0
694;3,00;0;32;6;0
695;2,00;1;32;6;0
696;0,00;2;32;6;0
697;0,00;1;33;6;0
698;0,00;2;33;6;0
699;0,00;2;34;6;0
700;0,00;0;0;7;0
701;0,00;1;0;7;0
702;1,00;0;1;7;0
703;0,00;1;1;7;0
704;0,00;0;2;7;0
705;0,00;1;2;7;0
706;0,00;0;3;7;0
707;0,00;1;3;7;0
708;86,00;0;4;7;0
709;19,00;1;4;7;0
710;1,00;0;5;7;0
711;0,00;1;5;7;0
712;1,00;0;6;7;0
713;0,00;1;6;7;0
714;1,00;0;7;7;0
715;0,00;1;7;7;0
716;0,00;0;8;7;0
717;0,00;1;8;7;0
718;1,00;0;9;7;0
719;0,00;1;9;7;0
720;0,00;0;10;7;0
721;0,00;1;10;7;0
722;1,00;0;11;7;0
723;0,00;1;11;7;0
724;0,00;0;12;7;0
725;0,00;1;12;7;0
726;0,00;0;13;7;0
727;0,00;1;13;7;0
728;0,00;0;14;7;0
729;0,00;0;15;7;0
730;0,00;1;15;7;0
731;0,00;0;16;7;0
732;0,00;1;16;7;0
733;0,00;0;17;7;0
734;0,00;1;17;7;0
735;0,00;0;18;7;0
736;0,00;1;18;7;0
737;0,00;0;19;7;0
738;0,00;1;19;7;0
739;1,00;0;20;7;0
740;0,00;1;20;7;0
741;0,00;0;21;7;0
742;0,00;1;21;7;0
743;0,00;0;22;7;0
744;0,00;1;22;7;0
745;0,00;0;23;7;0
746;0,00;1;23;7;0
747;0,00;0;24;7;0
748;0,00;1;24;7;0
749;0,00;0;25;7;0
750;0,00;1;25;7;0
751;0,00;0;26;7;0
752;0,00;1;26;7;0
753;1,00;0;27;7;0
754;0,00;1;27;7;0
755;0,00;0;28;7;0
756;0,00;1;28;7;0
757;0,00;0;29;7;0
758;0,00;1;29;7;0
759;0,00;0;30;7;0
760;0,00;1;30;7;0
761;0,00;0;31;7;0
762;0,00;1;31;7;0
763;0,00;0;32;7;0
764;0,00;1;32;7;0
765;0,00;1;33;7;0
766;2,00;0;0;8;0
767;2,00;1;0;8;0
768;1,00;2;0;8;0
769;1,00;0;1;8;0
770;1,00;1;1;8;0
771;2,00;2;1;8;0
772;0,00;0;2;8;0
773;8,00;1;2;8;0
774;7,00;2;2;8;0
775;0,00;0;3;8;0
776;2,00;1;3;8;0
777;3,00;2;3;8;0
778;4,00;0;4;8;0
779;6,00;1;4;8;0
780;8,00;2;4;8;0
781;1,00;0;5;8;0
782;1,00;1;5;8;0
783;0,00;2;5;8;0
784;0,00;0;6;8;0
785;0,00;1;6;8;0
786;0,00;2;6;8;0
787;0,00;0;7;8;0
788;2,00;1;7;8;0
789;3,00;2;7;8;0
790;0,00;0;8;8;0
791;0,00;1;8;8;0
792;3,00;2;8;8;0
793;0,00;0;9;8;0
794;0,00;1;9;8;0
795;0,00;2;9;8;0
796;0,00;0;10;8;0
797;0,00;1;10;8;0
798;1,00;2;10;8;0
799;0,00;0;11;8;0
800;0,00;1;11;8;0
801;0,00;2;11;8;0
802;0,00;0;12;8;0
803;2,00;1;12;8;0
804;1,00;2;12;8;0
805;0,00;0;13;8;0
806;1,00;1;13;8;0
807;1,00;2;13;8;0
808;0,00;0;14;8;0
809;0,00;0;15;8;0
810;0,00;1;15;8;0
811;0,00;2;15;8;0
812;0,00;0;16;8;0
813;0,00;1;16;8;0
814;0,00;2;16;8;0
815;2,00;0;17;8;0
816;4,00;1;17;8;0
817;0,00;2;17;8;0
818;0,00;0;18;8;0
819;0,00;1;18;8;0
820;0,00;2;18;8;0
821;0,00;0;19;8;0
822;0,00;1;19;8;0
823;0,00;2;19;8;0
824;1,00;0;20;8;0
825;1,00;1;20;8;0
826;0,00;2;20;8;0
827;1,00;0;21;8;0
828;0,00;1;21;8;0
829;1,00;2;21;8;0
830;0,00;0;22;8;0
831;0,00;1;22;8;0
832;1,00;2;22;8;0
833;0,00;0;23;8;0
834;0,00;1;23;8;0
835;0,00;2;23;8;0
836;0,00;0;24;8;0
837;0,00;1;24;8;0
838;0,00;2;24;8;0
839;0,00;0;25;8;0
840;0,00;1;25;8;0
841;1,00;2;25;8;0
842;0,00;0;26;8;0
843;0,00;1;26;8;0
844;0,00;2;26;8;0
845;0,00;0;27;8;0
846;0,00;1;27;8;0
847;1,00;2;27;8;0
848;1,00;0;28;8;0
849;0,00;1;28;8;0
850;1,00;2;28;8;0
851;1,00;0;29;8;0
852;0,00;1;29;8;0
853;0,00;2;29;8;0
854;1,00;0;30;8;0
855;0,00;1;30;8;0
856;1,00;2;30;8;0
857;0,00;0;31;8;0
858;1,00;1;31;8;0
859;4,00;2;31;8;0
860;1,00;0;32;8;0
861;0,00;1;32;8;0
862;4,00;2;32;8;0
863;0,00;1;33;8;0
864;0,00;2;33;8;0
865;0,00;2;34;8;0
866;0,00;0;0;9;0
867;0,00;0;1;9;0
868;0,00;0;2;9;0
869;0,00;0;3;9;0
870;0,00;0;4;9;0
871;0,00;0;5;9;0
872;1,00;0;6;9;0
873;0,00;0;7;9;0
874;1,00;0;8;9;0
875;0,00;0;9;9;0
876;0,00;0;10;9;0
877;0,00;0;11;9;0
878;0,00;0;12;9;0
879;0,00;0;13;9;0
880;0,00;0;14;9;0
881;0,00;0;15;9;0
882;0,00;0;16;9;0
883;0,00;0;17;9;0
884;0,00;0;18;9;0
885;0,00;0;19;9;0
886;0,00;0;20;9;0
887;0,00;0;21;9;0
888;1,00;0;22;9;0
889;0,00;0;23;9;0
890;0,00;0;24;9;0
891;0,00;0;25;9;0
892;0,00;0;26;9;0
893;0,00;0;27;9;0
894;0,00;0;28;9;0
895;0,00;0;29;9;0
896;0,00;0;30;9;0
897;0,00;0;31;9;0
898;0,00;0;32;9;0
899;2,00;0;0;10;0
900;1,00;1;0;10;0
901;0,00;2;0;10;0
902;0,00;0;1;10;0
903;0,00;1;1;10;0
904;0,00;2;1;10;0
905;0,00;0;2;10;0
906;2,00;1;2;10;0
907;0,00;2;2;10;0
908;3,00;0;3;10;0
909;0,00;1;3;10;0
910;0,00;2;3;10;0
911;0,00;0;4;10;0
912;2,00;1;4;10;0
913;1,00;2;4;10;0
914;0,00;0;5;10;0
915;0,00;1;5;10;0
916;0,00;2;5;10;0
917;0,00;0;6;10;0
918;0,00;1;6;10;0
919;0,00;2;6;10;0
920;0,00;0;7;10;0
921;1,00;1;7;10;0
922;0,00;2;7;10;0
923;0,00;0;8;10;0
924;2,00;1;8;10;0
925;0,00;2;8;10;0
926;0,00;0;9;10;0
927;0,00;1;9;10;0
928;0,00;2;9;10;0
929;0,00;0;10;10;0
930;0,00;1;10;10;0
931;0,00;2;10;10;0
932;0,00;0;11;10;0
933;0,00;1;11;10;0
934;0,00;2;11;10;0
935;0,00;0;12;10;0
936;0,00;1;12;10;0
937;0,00;2;12;10;0
938;0,00;0;13;10;0
939;0,00;1;13;10;0
940;1,00;2;13;10;0
941;0,00;0;14;10;0
942;0,00;0;15;10;0
943;0,00;1;15;10;0
944;0,00;2;15;10;0
945;0,00;0;16;10;0
946;0,00;1;16;10;0
947;0,00;2;16;10;0
948;0,00;0;17;10;0
949;2,00;1;17;10;0
950;0,00;2;17;10;0
951;1,00;0;18;10;0
952;0,00;1;18;10;0
953;0,00;2;18;10;0
954;1,00;0;19;10;0
955;0,00;1;19;10;0
956;1,00;2;19;10;0
957;0,00;0;20;10;0
958;0,00;1;20;10;0
959;0,00;2;20;10;0
960;0,00;0;21;10;0
961;0,00;1;21;10;0
962;0,00;2;21;10;0
963;0,00;0;22;10;0
964;1,00;1;22;10;0
965;0,00;2;22;10;0
966;0,00;0;23;10;0
967;0,00;1;23;10;0
968;0,00;2;23;10;0
969;0,00;0;24;10;0
970;0,00;1;24;10;0
971;0,00;2;24;10;0
972;0,00;0;25;10;0
973;0,00;1;25;10;0
974;0,00;2;25;10;0
975;0,00;0;26;10;0
976;0,00;1;26;10;0
977;0,00;2;26;10;0
978;0,00;0;27;10;0
979;0,00;1;27;10;0
980;0,00;2;27;10;0
981;0,00;0;28;10;0
982;0,00;1;28;10;0
983;0,00;2;28;10;0
984;0,00;0;29;10;0
985;0,00;1;29;10;0
986;0,00;2;29;10;0
987;0,00;0;30;10;0
988;0,00;1;30;10;0
989;0,00;2;30;10;0
990;1,00;0;31;10;0
991;0,00;1;31;10;0
992;0,00;2;31;10;0
993;0,00;0;32;10;0
994;0,00;1;32;10;0
995;1,00;2;32;10;0
996;0,00;1;33;10;0
997;0,00;2;33;10;0
998;0,00;2;34;10;0
999;112,00;0;0;11;0
1000;94,00;1;0;11;0
1001;134,00;2;0;11;0
1002;38,00;0;1;11;0
1003;43,00;1;1;11;0
1004;53,00;2;1;11;0
1005;1.026,00;0;2;11;0
1006;1.016,00;1;2;11;0
1007;942,00;2;2;11;0
1008;118,00;0;3;11;0
1009;75,00;1;3;11;0
1010;97,00;2;3;11;0
1011;1.158,00;0;4;11;0
1012;940,00;1;4;11;0
1013;1.013,00;2;4;11;0
1014;90,00;0;5;11;0
1015;55,00;1;5;11;0
1016;61,00;2;5;11;0
1017;41,00;0;6;11;0
1018;41,00;1;6;11;0
1019;65,00;2;6;11;0
1020;320,00;0;7;11;0
1021;362,00;1;7;11;0
1022;359,00;2;7;11;0
1023;86,00;0;8;11;0
1024;84,00;1;8;11;0
1025;63,00;2;8;11;0
1026;169,00;0;9;11;0
1027;134,00;1;9;11;0
1028;173,00;2;9;11;0
1029;164,00;0;10;11;0
1030;183,00;1;10;11;0
1031;127,00;2;10;11;0
1032;117,00;0;11;11;0
1033;104,00;1;11;11;0
1034;101,00;2;11;11;0
1035;96,00;0;12;11;0
1036;114,00;1;12;11;0
1037;112,00;2;12;11;0
1038;20,00;0;13;11;0
1039;8,00;1;13;11;0
1040;6,00;2;13;11;0
1041;0,00;0;14;11;0
1042;215,00;0;15;11;0
1043;242,00;1;15;11;0
1044;208,00;2;15;11;0
1045;168,00;0;16;11;0
1046;202,00;1;16;11;0
1047;197,00;2;16;11;0
1048;86,00;0;17;11;0
1049;61,00;1;17;11;0
1050;54,00;2;17;11;0
1051;200,00;0;18;11;0
1052;189,00;1;18;11;0
1053;232,00;2;18;11;0
1054;276,00;0;19;11;0
1055;260,00;1;19;11;0
1056;362,00;2;19;11;0
1057;242,00;0;20;11;0
1058;229,00;1;20;11;0
1059;238,00;2;20;11;0
1060;56,00;0;21;11;0
1061;77,00;1;21;11;0
1062;88,00;2;21;11;0
1063;128,00;0;22;11;0
1064;102,00;1;22;11;0
1065;110,00;2;22;11;0
1066;4,00;0;23;11;0
1067;10,00;1;23;11;0
1068;9,00;2;23;11;0
1069;20,00;0;24;11;0
1070;19,00;1;24;11;0
1071;15,00;2;24;11;0
1072;0,00;0;25;11;0
1073;0,00;1;25;11;0
1074;4,00;2;25;11;0
1075;4,00;0;26;11;0
1076;9,00;1;26;11;0
1077;4,00;2;26;11;0
1078;133,00;0;27;11;0
1079;92,00;1;27;11;0
1080;84,00;2;27;11;0
1081;53,00;0;28;11;0
1082;33,00;1;28;11;0
1083;35,00;2;28;11;0
1084;2,00;0;29;11;0
1085;2,00;1;29;11;0
1086;1,00;2;29;11;0
1087;15,00;0;30;11;0
1088;7,00;1;30;11;0
1089;4,00;2;30;11;0
1090;1.593,00;0;31;11;0
1091;1.535,00;1;31;11;0
1092;1.322,00;2;31;11;0
1093;105,00;0;32;11;0
1094;142,00;1;32;11;0
1095;179,00;2;32;11;0
1096;1,00;1;33;11;0
1097;2,00;2;33;11;0
1098;3,00;2;34;11;0
1099;14,00;0;0;12;0
1100;10,00;1;0;12;0
1101;6,00;2;0;12;0
1102;3,00;0;1;12;0
1103;0,00;1;1;12;0
1104;1,00;2;1;12;0
1105;2,00;0;2;12;0
1106;1,00;1;2;12;0
1107;1,00;2;2;12;0
1108;5,00;0;3;12;0
1109;13,00;1;3;12;0
1110;12,00;2;3;12;0
1111;13,00;0;4;12;0
1112;26,00;1;4;12;0
1113;39,00;2;4;12;0
1114;0,00;0;5;12;0
1115;0,00;1;5;12;0
1116;0,00;2;5;12;0
1117;0,00;0;6;12;0
1118;0,00;1;6;12;0
1119;3,00;2;6;12;0
1120;0,00;0;7;12;0
1121;0,00;1;7;12;0
1122;0,00;2;7;12;0
1123;0,00;0;8;12;0
1124;1,00;1;8;12;0
1125;0,00;2;8;12;0
1126;0,00;0;9;12;0
1127;0,00;1;9;12;0
1128;1,00;2;9;12;0
1129;2,00;0;10;12;0
1130;2,00;1;10;12;0
1131;3,00;2;10;12;0
1132;1,00;0;11;12;0
1133;0,00;1;11;12;0
1134;0,00;2;11;12;0
1135;2,00;0;12;12;0
1136;0,00;1;12;12;0
1137;0,00;2;12;12;0
1138;1,00;0;13;12;0
1139;0,00;1;13;12;0
1140;0,00;2;13;12;0
1141;0,00;0;14;12;0
1142;1,00;0;15;12;0
1143;0,00;1;15;12;0
1144;0,00;2;15;12;0
1145;1,00;0;16;12;0
1146;0,00;1;16;12;0
1147;0,00;2;16;12;0
1148;13,00;0;17;12;0
1149;10,00;1;17;12;0
1150;17,00;2;17;12;0
1151;0,00;0;18;12;0
1152;0,00;1;18;12;0
1153;0,00;2;18;12;0
1154;0,00;0;19;12;0
1155;0,00;1;19;12;0
1156;0,00;2;19;12;0
1157;0,00;0;20;12;0
1158;0,00;1;20;12;0
1159;0,00;2;20;12;0
1160;0,00;0;21;12;0
1161;0,00;1;21;12;0
1162;0,00;2;21;12;0
1163;0,00;0;22;12;0
1164;0,00;1;22;12;0
1165;0,00;2;22;12;0
1166;0,00;0;23;12;0
1167;0,00;1;23;12;0
1168;0,00;2;23;12;0
1169;0,00;0;24;12;0
1170;0,00;1;24;12;0
1171;0,00;2;24;12;0
1172;0,00;0;25;12;0
1173;0,00;1;25;12;0
1174;0,00;2;25;12;0
1175;0,00;0;26;12;0
1176;0,00;1;26;12;0
1177;0,00;2;26;12;0
1178;0,00;0;27;12;0
1179;0,00;1;27;12;0
1180;0,00;2;27;12;0
1181;0,00;0;28;12;0
1182;1,00;1;28;12;0
1183;0,00;2;28;12;0
1184;1,00;0;29;12;0
1185;0,00;1;29;12;0
1186;1,00;2;29;12;0
1187;1,00;0;30;12;0
1188;0,00;1;30;12;0
1189;1,00;2;30;12;0
1190;9,00;0;31;12;0
1191;18,00;1;31;12;0
1192;11,00;2;31;12;0
1193;1,00;0;32;12;0
1194;0,00;1;32;12;0
1195;1,00;2;32;12;0
1196;0,00;1;33;12;0
1197;0,00;2;33;12;0
1198;0,00;2;34;12;0
1199;17,00;0;0;0;1
1200;5,00;1;0;0;1
1201;8,00;2;0;0;1
1202;2,00;0;1;0;1
1203;0,00;1;1;0;1
1204;3,00;2;1;0;1
1205;6,00;0;2;0;1
1206;20,00;1;2;0;1
1207;9,00;2;2;0;1
1208;20,00;0;3;0;1
1209;16,00;1;3;0;1
1210;29,00;2;3;0;1
1211;32,00;0;4;0;1
1212;23,00;1;4;0;1
1213;20,00;2;4;0;1
1214;3,00;0;5;0;1
1215;7,00;1;5;0;1
1216;5,00;2;5;0;1
1217;10,00;0;6;0;1
1218;8,00;1;6;0;1
1219;5,00;2;6;0;1
1220;10,00;0;7;0;1
1221;5,00;1;7;0;1
1222;5,00;2;7;0;1
1223;4,00;0;8;0;1
1224;1,00;1;8;0;1
1225;3,00;2;8;0;1
1226;2,00;0;9;0;1
1227;2,00;1;9;0;1
1228;0,00;2;9;0;1
1229;8,00;0;10;0;1
1230;10,00;1;10;0;1
1231;9,00;2;10;0;1
1232;1,00;0;11;0;1
1233;3,00;1;11;0;1
1234;1,00;2;11;0;1
1235;2,00;0;12;0;1
1236;5,00;1;12;0;1
1237;3,00;2;12;0;1
1238;9,00;0;13;0;1
1239;5,00;1;13;0;1
1240;3,00;2;13;0;1
1241;0,00;0;14;0;1
1242;4,00;0;15;0;1
1243;2,00;1;15;0;1
1244;3,00;2;15;0;1
1245;3,00;0;16;0;1
1246;2,00;1;16;0;1
1247;4,00;2;16;0;1
1248;9,00;0;17;0;1
1249;13,00;1;17;0;1
1250;5,00;2;17;0;1
1251;5,00;0;18;0;1
1252;3,00;1;18;0;1
1253;3,00;2;18;0;1
1254;4,00;0;19;0;1
1255;2,00;1;19;0;1
1256;4,00;2;19;0;1
1257;1,00;0;20;0;1
1258;1,00;1;20;0;1
1259;2,00;2;20;0;1
1260;3,00;0;21;0;1
1261;5,00;1;21;0;1
1262;0,00;2;21;0;1
1263;3,00;0;22;0;1
1264;4,00;1;22;0;1
1265;6,00;2;22;0;1
1266;1,00;0;23;0;1
1267;0,00;1;23;0;1
1268;0,00;2;23;0;1
1269;1,00;0;24;0;1
1270;0,00;1;24;0;1
1271;1,00;2;24;0;1
1272;0,00;0;25;0;1
1273;0,00;1;25;0;1
1274;0,00;2;25;0;1
1275;1,00;0;26;0;1
1276;1,00;1;26;0;1
1277;0,00;2;26;0;1
1278;0,00;0;27;0;1
1279;0,00;1;27;0;1
1280;3,00;2;27;0;1
1281;1,00;0;28;0;1
1282;4,00;1;28;0;1
1283;2,00;2;28;0;1
1284;0,00;0;29;0;1
1285;1,00;1;29;0;1
1286;0,00;2;29;0;1
1287;0,00;0;30;0;1
1288;1,00;1;30;0;1
1289;1,00;2;30;0;1
1290;71,00;0;31;0;1
1291;61,00;1;31;0;1
1292;68,00;2;31;0;1
1293;8,00;0;32;0;1
1294;1,00;1;32;0;1
1295;0,00;2;32;0;1
1296;0,00;1;33;0;1
1297;0,00;2;33;0;1
1298;1,00;2;34;0;1
1299;1,00;0;0;1;1
1300;0,00;1;0;1;1
1301;0,00;2;0;1;1
1302;0,00;0;1;1;1
1303;0,00;1;1;1;1
1304;0,00;2;1;1;1
1305;0,00;0;2;1;1
1306;0,00;1;2;1;1
1307;0,00;2;2;1;1
1308;1,00;0;3;1;1
1309;0,00;1;3;1;1
1310;0,00;2;3;1;1
1311;0,00;0;4;1;1
1312;1,00;1;4;1;1
1313;1,00;2;4;1;1
1314;0,00;0;5;1;1
1315;0,00;1;5;1;1
1316;0,00;2;5;1;1
1317;1,00;0;6;1;1
1318;0,00;1;6;1;1
1319;1,00;2;6;1;1
1320;0,00;0;7;1;1
1321;0,00;1;7;1;1
1322;0,00;2;7;1;1
1323;0,00;0;8;1;1
1324;1,00;1;8;1;1
1325;0,00;2;8;1;1
1326;1,00;0;9;1;1
1327;1,00;1;9;1;1
1328;0,00;2;9;1;1
1329;0,00;0;10;1;1
1330;1,00;1;10;1;1
1331;1,00;2;10;1;1
1332;0,00;0;11;1;1
1333;0,00;1;11;1;1
1334;0,00;2;11;1;1
1335;2,00;0;12;1;1
1336;0,00;1;12;1;1
1337;0,00;2;12;1;1
1338;0,00;0;13;1;1
1339;0,00;1;13;1;1
1340;0,00;2;13;1;1
1341;0,00;0;14;1;1
1342;0,00;0;15;1;1
1343;0,00;1;15;1;1
1344;0,00;2;15;1;1
1345;0,00;0;16;1;1
1346;0,00;1;16;1;1
1347;0,00;2;16;1;1
1348;2,00;0;17;1;1
1349;1,00;1;17;1;1
1350;3,00;2;17;1;1
1351;1,00;0;18;1;1
1352;0,00;1;18;1;1
1353;0,00;2;18;1;1
1354;0,00;0;19;1;1
1355;0,00;1;19;1;1
1356;0,00;2;19;1;1
1357;1,00;0;20;1;1
1358;0,00;1;20;1;1
1359;0,00;2;20;1;1
1360;1,00;0;21;1;1
1361;0,00;1;21;1;1
1362;0,00;2;21;1;1
1363;0,00;0;22;1;1
1364;0,00;1;22;1;1
1365;0,00;2;22;1;1
1366;0,00;0;23;1;1
1367;0,00;1;23;1;1
1368;0,00;2;23;1;1
1369;0,00;0;24;1;1
1370;0,00;1;24;1;1
1371;0,00;2;24;1;1
1372;0,00;0;25;1;1
1373;0,00;1;25;1;1
1374;0,00;2;25;1;1
1375;0,00;0;26;1;1
1376;0,00;1;26;1;1
1377;0,00;2;26;1;1
1378;0,00;0;27;1;1
1379;0,00;1;27;1;1
1380;0,00;2;27;1;1
1381;0,00;0;28;1;1
1382;0,00;1;28;1;1
1383;1,00;2;28;1;1
1384;0,00;0;29;1;1
1385;0,00;1;29;1;1
1386;0,00;2;29;1;1
1387;0,00;0;30;1;1
1388;0,00;1;30;1;1
1389;0,00;2;30;1;1
1390;2,00;0;31;1;1
1391;2,00;1;31;1;1
1392;0,00;2;31;1;1
1393;0,00;0;32;1;1
1394;0,00;1;32;1;1
1395;0,00;2;32;1;1
1396;0,00;1;33;1;1
1397;0,00;2;33;1;1
1398;0,00;2;34;1;1
1399;1,00;0;0;2;1
1400;2,00;1;0;2;1
1401;2,00;2;0;2;1
1402;1,00;0;1;2;1
1403;0,00;1;1;2;1
1404;2,00;2;1;2;1
1405;1,00;0;2;2;1
1406;5,00;1;2;2;1
1407;2,00;2;2;2;1
1408;4,00;0;3;2;1
1409;1,00;1;3;2;1
1410;0,00;2;3;2;1
1411;7,00;0;4;2;1
1412;5,00;1;4;2;1
1413;4,00;2;4;2;1
1414;1,00;0;5;2;1
1415;0,00;1;5;2;1
1416;4,00;2;5;2;1
1417;0,00;0;6;2;1
1418;0,00;1;6;2;1
1419;0,00;2;6;2;1
1420;3,00;0;7;2;1
1421;0,00;1;7;2;1
1422;2,00;2;7;2;1
1423;0,00;0;8;2;1
1424;0,00;1;8;2;1
1425;2,00;2;8;2;1
1426;1,00;0;9;2;1
1427;0,00;1;9;2;1
1428;0,00;2;9;2;1
1429;0,00;0;10;2;1
1430;1,00;1;10;2;1
1431;0,00;2;10;2;1
1432;1,00;0;11;2;1
1433;0,00;1;11;2;1
1434;0,00;2;11;2;1
1435;4,00;0;12;2;1
1436;0,00;1;12;2;1
1437;3,00;2;12;2;1
1438;0,00;0;13;2;1
1439;0,00;1;13;2;1
1440;0,00;2;13;2;1
1441;0,00;0;14;2;1
1442;1,00;0;15;2;1
1443;1,00;1;15;2;1
1444;0,00;2;15;2;1
1445;0,00;0;16;2;1
1446;0,00;1;16;2;1
1447;0,00;2;16;2;1
1448;2,00;0;17;2;1
1449;1,00;1;17;2;1
1450;7,00;2;17;2;1
1451;0,00;0;18;2;1
1452;0,00;1;18;2;1
1453;2,00;2;18;2;1
1454;0,00;0;19;2;1
1455;1,00;1;19;2;1
1456;3,00;2;19;2;1
1457;0,00;0;20;2;1
1458;1,00;1;20;2;1
1459;0,00;2;20;2;1
1460;0,00;0;21;2;1
1461;0,00;1;21;2;1
1462;1,00;2;21;2;1
1463;2,00;0;22;2;1
1464;1,00;1;22;2;1
1465;0,00;2;22;2;1
1466;0,00;0;23;2;1
1467;0,00;1;23;2;1
1468;0,00;2;23;2;1
1469;0,00;0;24;2;1
1470;0,00;1;24;2;1
1471;0,00;2;24;2;1
1472;0,00;0;25;2;1
1473;0,00;1;25;2;1
1474;0,00;2;25;2;1
1475;2,00;0;26;2;1
1476;0,00;1;26;2;1
1477;0,00;2;26;2;1
1478;0,00;0;27;2;1
1479;0,00;1;27;2;1
1480;0,00;2;27;2;1
1481;0,00;0;28;2;1
1482;0,00;1;28;2;1
1483;0,00;2;28;2;1
1484;0,00;0;29;2;1
1485;0,00;1;29;2;1
1486;0,00;2;29;2;1
1487;0,00;0;30;2;1
1488;0,00;1;30;2;1
1489;0,00;2;30;2;1
1490;2,00;0;31;2;1
1491;0,00;1;31;2;1
1492;4,00;2;31;2;1
1493;1,00;0;32;2;1
1494;0,00;1;32;2;1
1495;0,00;2;32;2;1
1496;0,00;1;33;2;1
1497;0,00;2;33;2;1
1498;0,00;2;34;2;1
1499;0,00;0;0;3;1
1500;0,00;1;0;3;1
1501;0,00;2;0;3;1
1502;0,00;0;1;3;1
1503;0,00;1;1;3;1
1504;0,00;2;1;3;1
1505;4,00;0;2;3;1
1506;0,00;1;2;3;1
1507;1,00;2;2;3;1
1508;0,00;0;3;3;1
1509;0,00;1;3;3;1
1510;1,00;2;3;3;1
1511;2,00;0;4;3;1
1512;1,00;1;4;3;1
1513;2,00;2;4;3;1
1514;0,00;0;5;3;1
1515;0,00;1;5;3;1
1516;0,00;2;5;3;1
1517;0,00;0;6;3;1
1518;0,00;1;6;3;1
1519;0,00;2;6;3;1
1520;0,00;0;7;3;1
1521;1,00;1;7;3;1
1522;0,00;2;7;3;1
1523;0,00;0;8;3;1
1524;1,00;1;8;3;1
1525;1,00;2;8;3;1
1526;0,00;0;9;3;1
1527;0,00;1;9;3;1
1528;0,00;2;9;3;1
1529;1,00;0;10;3;1
1530;0,00;1;10;3;1
1531;1,00;2;10;3;1
1532;0,00;0;11;3;1
1533;0,00;1;11;3;1
1534;0,00;2;11;3;1
1535;0,00;0;12;3;1
1536;0,00;1;12;3;1
1537;1,00;2;12;3;1
1538;0,00;0;13;3;1
1539;1,00;1;13;3;1
1540;0,00;2;13;3;1
1541;0,00;0;14;3;1
1542;0,00;0;15;3;1
1543;0,00;1;15;3;1
1544;0,00;2;15;3;1
1545;0,00;0;16;3;1
1546;0,00;1;16;3;1
1547;0,00;2;16;3;1
1548;5,00;0;17;3;1
1549;1,00;1;17;3;1
1550;0,00;2;17;3;1
1551;0,00;0;18;3;1
1552;0,00;1;18;3;1
1553;1,00;2;18;3;1
1554;1,00;0;19;3;1
1555;2,00;1;19;3;1
1556;1,00;2;19;3;1
1557;0,00;0;20;3;1
1558;1,00;1;20;3;1
1559;0,00;2;20;3;1
1560;0,00;0;21;3;1
1561;1,00;1;21;3;1
1562;0,00;2;21;3;1
1563;0,00;0;22;3;1
1564;0,00;1;22;3;1
1565;0,00;2;22;3;1
1566;0,00;0;23;3;1
1567;0,00;1;23;3;1
1568;0,00;2;23;3;1
1569;0,00;0;24;3;1
1570;0,00;1;24;3;1
1571;0,00;2;24;3;1
1572;0,00;0;25;3;1
1573;0,00;1;25;3;1
1574;0,00;2;25;3;1
1575;0,00;0;26;3;1
1576;0,00;1;26;3;1
1577;0,00;2;26;3;1
1578;1,00;0;27;3;1
1579;0,00;1;27;3;1
1580;0,00;2;27;3;1
1581;0,00;0;28;3;1
1582;0,00;1;28;3;1
1583;0,00;2;28;3;1
1584;0,00;0;29;3;1
1585;0,00;1;29;3;1
1586;0,00;2;29;3;1
1587;0,00;0;30;3;1
1588;0,00;1;30;3;1
1589;0,00;2;30;3;1
1590;3,00;0;31;3;1
1591;2,00;1;31;3;1
1592;6,00;2;31;3;1
1593;0,00;0;32;3;1
1594;1,00;1;32;3;1
1595;0,00;2;32;3;1
1596;0,00;1;33;3;1
1597;0,00;2;33;3;1
1598;0,00;2;34;3;1
1599;0,00;0;0;4;1
1600;0,00;1;0;4;1
1601;1,00;2;0;4;1
1602;0,00;0;1;4;1
1603;1,00;1;1;4;1
1604;3,00;2;1;4;1
1605;8,00;0;2;4;1
1606;3,00;1;2;4;1
1607;5,00;2;2;4;1
1608;3,00;0;3;4;1
1609;2,00;1;3;4;1
1610;2,00;2;3;4;1
1611;4,00;0;4;4;1
1612;7,00;1;4;4;1
1613;7,00;2;4;4;1
1614;2,00;0;5;4;1
1615;0,00;1;5;4;1
1616;1,00;2;5;4;1
1617;0,00;0;6;4;1
1618;0,00;1;6;4;1
1619;1,00;2;6;4;1
1620;2,00;0;7;4;1
1621;2,00;1;7;4;1
1622;1,00;2;7;4;1
1623;1,00;0;8;4;1
1624;2,00;1;8;4;1
1625;1,00;2;8;4;1
1626;0,00;0;9;4;1
1627;1,00;1;9;4;1
1628;1,00;2;9;4;1
1629;3,00;0;10;4;1
1630;2,00;1;10;4;1
1631;0,00;2;10;4;1
1632;1,00;0;11;4;1
1633;0,00;1;11;4;1
1634;0,00;2;11;4;1
1635;0,00;0;12;4;1
1636;2,00;1;12;4;1
1637;0,00;2;12;4;1
1638;0,00;0;13;4;1
1639;1,00;1;13;4;1
1640;0,00;2;13;4;1
1641;0,00;0;14;4;1
1642;2,00;0;15;4;1
1643;0,00;1;15;4;1
1644;0,00;2;15;4;1
1645;0,00;0;16;4;1
1646;2,00;1;16;4;1
1647;0,00;2;16;4;1
1648;1,00;0;17;4;1
1649;4,00;1;17;4;1
1650;3,00;2;17;4;1
1651;1,00;0;18;4;1
1652;0,00;1;18;4;1
1653;0,00;2;18;4;1
1654;2,00;0;19;4;1
1655;0,00;1;19;4;1
1656;0,00;2;19;4;1
1657;1,00;0;20;4;1
1658;0,00;1;20;4;1
1659;0,00;2;20;4;1
1660;0,00;0;21;4;1
1661;0,00;1;21;4;1
1662;0,00;2;21;4;1
1663;0,00;0;22;4;1
1664;0,00;1;22;4;1
1665;0,00;2;22;4;1
1666;0,00;0;23;4;1
1667;0,00;1;23;4;1
1668;0,00;2;23;4;1
1669;0,00;0;24;4;1
1670;0,00;1;24;4;1
1671;0,00;2;24;4;1
1672;0,00;0;25;4;1
1673;0,00;1;25;4;1
1674;0,00;2;25;4;1
1675;0,00;0;26;4;1
1676;0,00;1;26;4;1
1677;0,00;2;26;4;1
1678;0,00;0;27;4;1
1679;0,00;1;27;4;1
1680;0,00;2;27;4;1
1681;0,00;0;28;4;1
1682;0,00;1;28;4;1
1683;1,00;2;28;4;1
1684;0,00;0;29;4;1
1685;0,00;1;29;4;1
1686;1,00;2;29;4;1
1687;0,00;0;30;4;1
1688;1,00;1;30;4;1
1689;1,00;2;30;4;1
1690;0,00;0;31;4;1
1691;1,00;1;31;4;1
1692;2,00;2;31;4;1
1693;2,00;0;32;4;1
1694;0,00;1;32;4;1
1695;1,00;2;32;4;1
1696;0,00;1;33;4;1
1697;0,00;2;33;4;1
1698;0,00;2;34;4;1
1699;2,00;0;0;5;1
1700;6,00;1;0;5;1
1701;2,00;2;0;5;1
1702;0,00;0;1;5;1
1703;0,00;1;1;5;1
1704;0,00;2;1;5;1
1705;1,00;0;2;5;1
1706;0,00;1;2;5;1
1707;0,00;2;2;5;1
1708;0,00;0;3;5;1
1709;0,00;1;3;5;1
1710;0,00;2;3;5;1
1711;8,00;0;4;5;1
1712;8,00;1;4;5;1
1713;2,00;2;4;5;1
1714;0,00;0;5;5;1
1715;0,00;1;5;5;1
1716;0,00;2;5;5;1
1717;0,00;0;6;5;1
1718;4,00;1;6;5;1
1719;7,00;2;6;5;1
1720;0,00;0;7;5;1
1721;0,00;1;7;5;1
1722;0,00;2;7;5;1
1723;0,00;0;8;5;1
1724;0,00;1;8;5;1
1725;0,00;2;8;5;1
1726;1,00;0;9;5;1
1727;0,00;1;9;5;1
1728;0,00;2;9;5;1
1729;1,00;0;10;5;1
1730;2,00;1;10;5;1
1731;0,00;2;10;5;1
1732;0,00;0;11;5;1
1733;1,00;1;11;5;1
1734;0,00;2;11;5;1
1735;0,00;0;12;5;1
1736;1,00;1;12;5;1
1737;0,00;2;12;5;1
1738;0,00;0;13;5;1
1739;0,00;1;13;5;1
1740;0,00;2;13;5;1
1741;0,00;0;14;5;1
1742;0,00;0;15;5;1
1743;0,00;1;15;5;1
1744;0,00;2;15;5;1
1745;0,00;0;16;5;1
1746;0,00;1;16;5;1
1747;0,00;2;16;5;1
1748;0,00;0;17;5;1
1749;0,00;1;17;5;1
1750;0,00;2;17;5;1
1751;0,00;0;18;5;1
1752;0,00;1;18;5;1
1753;0,00;2;18;5;1
1754;0,00;0;19;5;1
1755;0,00;1;19;5;1
1756;1,00;2;19;5;1
1757;8,00;0;20;5;1
1758;4,00;1;20;5;1
1759;0,00;2;20;5;1
1760;0,00;0;21;5;1
1761;0,00;1;21;5;1
1762;0,00;2;21;5;1
1763;0,00;0;22;5;1
1764;0,00;1;22;5;1
1765;0,00;2;22;5;1
1766;0,00;0;23;5;1
1767;0,00;1;23;5;1
1768;0,00;2;23;5;1
1769;0,00;0;24;5;1
1770;0,00;1;24;5;1
1771;0,00;2;24;5;1
1772;0,00;0;25;5;1
1773;0,00;1;25;5;1
1774;0,00;2;25;5;1
1775;0,00;0;26;5;1
1776;0,00;1;26;5;1
1777;0,00;2;26;5;1
1778;0,00;0;27;5;1
1779;0,00;1;27;5;1
1780;0,00;2;27;5;1
1781;0,00;0;28;5;1
1782;0,00;1;28;5;1
1783;0,00;2;28;5;1
1784;0,00;0;29;5;1
1785;0,00;1;29;5;1
1786;0,00;2;29;5;1
1787;5,00;0;30;5;1
1788;1,00;1;30;5;1
1789;1,00;2;30;5;1
1790;3,00;0;31;5;1
1791;1,00;1;31;5;1
1792;1,00;2;31;5;1
1793;1,00;0;32;5;1
1794;0,00;1;32;5;1
1795;0,00;2;32;5;1
1796;0,00;1;33;5;1
1797;0,00;2;33;5;1
1798;0,00;2;34;5;1
1799;1,00;0;0;6;1
1800;0,00;1;0;6;1
1801;0,00;2;0;6;1
1802;0,00;0;1;6;1
1803;0,00;1;1;6;1
1804;0,00;2;1;6;1
1805;0,00;0;2;6;1
1806;0,00;1;2;6;1
1807;0,00;2;2;6;1
1808;0,00;0;3;6;1
1809;0,00;1;3;6;1
1810;0,00;2;3;6;1
1811;1,00;0;4;6;1
1812;0,00;1;4;6;1
1813;0,00;2;4;6;1
1814;0,00;0;5;6;1
1815;1,00;1;5;6;1
1816;0,00;2;5;6;1
1817;0,00;0;6;6;1
1818;1,00;1;6;6;1
1819;0,00;2;6;6;1
1820;0,00;0;7;6;1
1821;0,00;1;7;6;1
1822;0,00;2;7;6;1
1823;0,00;0;8;6;1
1824;0,00;1;8;6;1
1825;0,00;2;8;6;1
1826;1,00;0;9;6;1
1827;0,00;1;9;6;1
1828;0,00;2;9;6;1
1829;0,00;0;10;6;1
1830;0,00;1;10;6;1
1831;0,00;2;10;6;1
1832;0,00;0;11;6;1
1833;0,00;1;11;6;1
1834;0,00;2;11;6;1
1835;0,00;0;12;6;1
1836;0,00;1;12;6;1
1837;0,00;2;12;6;1
1838;0,00;0;13;6;1
1839;0,00;1;13;6;1
1840;0,00;2;13;6;1
1841;0,00;0;14;6;1
1842;0,00;0;15;6;1
1843;0,00;1;15;6;1
1844;0,00;2;15;6;1
1845;0,00;0;16;6;1
1846;0,00;1;16;6;1
1847;0,00;2;16;6;1
1848;0,00;0;17;6;1
1849;0,00;1;17;6;1
1850;0,00;2;17;6;1
1851;0,00;0;18;6;1
1852;0,00;1;18;6;1
1853;1,00;2;18;6;1
1854;0,00;0;19;6;1
1855;1,00;1;19;6;1
1856;1,00;2;19;6;1
1857;0,00;0;20;6;1
1858;0,00;1;20;6;1
1859;0,00;2;20;6;1
1860;0,00;0;21;6;1
1861;0,00;1;21;6;1
1862;0,00;2;21;6;1
1863;0,00;0;22;6;1
1864;0,00;1;22;6;1
1865;0,00;2;22;6;1
1866;0,00;0;23;6;1
1867;0,00;1;23;6;1
1868;0,00;2;23;6;1
1869;0,00;0;24;6;1
1870;0,00;1;24;6;1
1871;0,00;2;24;6;1
1872;0,00;0;25;6;1
1873;0,00;1;25;6;1
1874;0,00;2;25;6;1
1875;0,00;0;26;6;1
1876;0,00;1;26;6;1
1877;0,00;2;26;6;1
1878;0,00;0;27;6;1
1879;0,00;1;27;6;1
1880;0,00;2;27;6;1
1881;0,00;0;28;6;1
1882;0,00;1;28;6;1
1883;0,00;2;28;6;1
1884;1,00;0;29;6;1
1885;0,00;1;29;6;1
1886;0,00;2;29;6;1
1887;9,00;0;30;6;1
1888;1,00;1;30;6;1
1889;2,00;2;30;6;1
1890;0,00;0;31;6;1
1891;0,00;1;31;6;1
1892;0,00;2;31;6;1
1893;0,00;0;32;6;1
1894;0,00;1;32;6;1
1895;0,00;2;32;6;1
1896;0,00;1;33;6;1
1897;0,00;2;33;6;1
1898;0,00;2;34;6;1
1899;0,00;0;0;7;1
1900;0,00;1;0;7;1
1901;0,00;0;1;7;1
1902;0,00;1;1;7;1
1903;0,00;0;2;7;1
1904;0,00;1;2;7;1
1905;0,00;0;3;7;1
1906;0,00;1;3;7;1
1907;5,00;0;4;7;1
1908;1,00;1;4;7;1
1909;0,00;0;5;7;1
1910;0,00;1;5;7;1
1911;0,00;0;6;7;1
1912;0,00;1;6;7;1
1913;0,00;0;7;7;1
1914;0,00;1;7;7;1
1915;0,00;0;8;7;1
1916;0,00;1;8;7;1
1917;0,00;0;9;7;1
1918;0,00;1;9;7;1
1919;0,00;0;10;7;1
1920;0,00;1;10;7;1
1921;0,00;0;11;7;1
1922;0,00;1;11;7;1
1923;0,00;0;12;7;1
1924;0,00;1;12;7;1
1925;0,00;0;13;7;1
1926;0,00;1;13;7;1
1927;0,00;0;14;7;1
1928;0,00;0;15;7;1
1929;0,00;1;15;7;1
1930;0,00;0;16;7;1
1931;0,00;1;16;7;1
1932;0,00;0;17;7;1
1933;0,00;1;17;7;1
1934;0,00;0;18;7;1
1935;0,00;1;18;7;1
1936;0,00;0;19;7;1
1937;0,00;1;19;7;1
1938;0,00;0;20;7;1
1939;0,00;1;20;7;1
1940;0,00;0;21;7;1
1941;0,00;1;21;7;1
1942;0,00;0;22;7;1
1943;0,00;1;22;7;1
1944;0,00;0;23;7;1
1945;0,00;1;23;7;1
1946;0,00;0;24;7;1
1947;0,00;1;24;7;1
1948;0,00;0;25;7;1
1949;0,00;1;25;7;1
1950;0,00;0;26;7;1
1951;0,00;1;26;7;1
1952;0,00;0;27;7;1
1953;0,00;1;27;7;1
1954;0,00;0;28;7;1
1955;0,00;1;28;7;1
1956;0,00;0;29;7;1
1957;0,00;1;29;7;1
1958;0,00;0;30;7;1
1959;0,00;1;30;7;1
1960;0,00;0;31;7;1
1961;0,00;1;31;7;1
1962;0,00;0;32;7;1
1963;0,00;1;32;7;1
1964;0,00;1;33;7;1
1965;6,00;0;0;8;1
1966;3,00;1;0;8;1
1967;7,00;2;0;8;1
1968;4,00;0;1;8;1
1969;0,00;1;1;8;1
1970;3,00;2;1;8;1
1971;15,00;0;2;8;1
1972;12,00;1;2;8;1
1973;17,00;2;2;8;1
1974;8,00;0;3;8;1
1975;10,00;1;3;8;1
1976;6,00;2;3;8;1
1977;25,00;0;4;8;1
1978;24,00;1;4;8;1
1979;22,00;2;4;8;1
1980;4,00;0;5;8;1
1981;3,00;1;5;8;1
1982;2,00;2;5;8;1
1983;2,00;0;6;8;1
1984;0,00;1;6;8;1
1985;2,00;2;6;8;1
1986;9,00;0;7;8;1
1987;4,00;1;7;8;1
1988;7,00;2;7;8;1
1989;6,00;0;8;8;1
1990;5,00;1;8;8;1
1991;5,00;2;8;8;1
1992;4,00;0;9;8;1
1993;3,00;1;9;8;1
1994;3,00;2;9;8;1
1995;2,00;0;10;8;1
1996;5,00;1;10;8;1
1997;0,00;2;10;8;1
1998;1,00;0;11;8;1
1999;2,00;1;11;8;1
2000;1,00;2;11;8;1
2001;5,00;0;12;8;1
2002;3,00;1;12;8;1
2003;2,00;2;12;8;1
2004;2,00;0;13;8;1
2005;0,00;1;13;8;1
2006;3,00;2;13;8;1
2007;0,00;0;14;8;1
2008;1,00;0;15;8;1
2009;0,00;1;15;8;1
2010;1,00;2;15;8;1
2011;1,00;0;16;8;1
2012;0,00;1;16;8;1
2013;2,00;2;16;8;1
2014;14,00;0;17;8;1
2015;11,00;1;17;8;1
2016;14,00;2;17;8;1
2017;5,00;0;18;8;1
2018;3,00;1;18;8;1
2019;5,00;2;18;8;1
2020;3,00;0;19;8;1
2021;4,00;1;19;8;1
2022;3,00;2;19;8;1
2023;4,00;0;20;8;1
2024;2,00;1;20;8;1
2025;2,00;2;20;8;1
2026;1,00;0;21;8;1
2027;3,00;1;21;8;1
2028;0,00;2;21;8;1
2029;6,00;0;22;8;1
2030;3,00;1;22;8;1
2031;1,00;2;22;8;1
2032;0,00;0;23;8;1
2033;0,00;1;23;8;1
2034;0,00;2;23;8;1
2035;1,00;0;24;8;1
2036;0,00;1;24;8;1
2037;0,00;2;24;8;1
2038;0,00;0;25;8;1
2039;0,00;1;25;8;1
2040;0,00;2;25;8;1
2041;1,00;0;26;8;1
2042;0,00;1;26;8;1
2043;1,00;2;26;8;1
2044;0,00;0;27;8;1
2045;0,00;1;27;8;1
2046;1,00;2;27;8;1
2047;2,00;0;28;8;1
2048;1,00;1;28;8;1
2049;3,00;2;28;8;1
2050;1,00;0;29;8;1
2051;0,00;1;29;8;1
2052;1,00;2;29;8;1
2053;2,00;0;30;8;1
2054;2,00;1;30;8;1
2055;2,00;2;30;8;1
2056;6,00;0;31;8;1
2057;8,00;1;31;8;1
2058;9,00;2;31;8;1
2059;5,00;0;32;8;1
2060;3,00;1;32;8;1
2061;4,00;2;32;8;1
2062;0,00;1;33;8;1
2063;0,00;2;33;8;1
2064;0,00;2;34;8;1
2065;7,00;0;0;11;1
2066;9,00;1;0;11;1
2067;7,00;2;0;11;1
2068;6,00;0;1;11;1
2069;4,00;1;1;11;1
2070;9,00;2;1;11;1
2071;85,00;0;2;11;1
2072;79,00;1;2;11;1
2073;75,00;2;2;11;1
2074;11,00;0;3;11;1
2075;8,00;1;3;11;1
2076;13,00;2;3;11;1
2077;90,00;0;4;11;1
2078;67,00;1;4;11;1
2079;65,00;2;4;11;1
2080;7,00;0;5;11;1
2081;10,00;1;5;11;1
2082;5,00;2;5;11;1
2083;4,00;0;6;11;1
2084;5,00;1;6;11;1
2085;3,00;2;6;11;1
2086;33,00;0;7;11;1
2087;34,00;1;7;11;1
2088;35,00;2;7;11;1
2089;8,00;0;8;11;1
2090;7,00;1;8;11;1
2091;4,00;2;8;11;1
2092;14,00;0;9;11;1
2093;8,00;1;9;11;1
2094;13,00;2;9;11;1
2095;15,00;0;10;11;1
2096;18,00;1;10;11;1
2097;13,00;2;10;11;1
2098;11,00;0;11;11;1
2099;8,00;1;11;11;1
2100;12,00;2;11;11;1
2101;14,00;0;12;11;1
2102;9,00;1;12;11;1
2103;5,00;2;12;11;1
2104;3,00;0;13;11;1
2105;3,00;1;13;11;1
2106;1,00;2;13;11;1
2107;0,00;0;14;11;1
2108;21,00;0;15;11;1
2109;14,00;1;15;11;1
2110;26,00;2;15;11;1
2111;17,00;0;16;11;1
2112;17,00;1;16;11;1
2113;20,00;2;16;11;1
2114;3,00;0;17;11;1
2115;6,00;1;17;11;1
2116;7,00;2;17;11;1
2117;23,00;0;18;11;1
2118;15,00;1;18;11;1
2119;20,00;2;18;11;1
2120;24,00;0;19;11;1
2121;19,00;1;19;11;1
2122;32,00;2;19;11;1
2123;40,00;0;20;11;1
2124;24,00;1;20;11;1
2125;19,00;2;20;11;1
2126;4,00;0;21;11;1
2127;5,00;1;21;11;1
2128;6,00;2;21;11;1
2129;29,00;0;22;11;1
2130;12,00;1;22;11;1
2131;17,00;2;22;11;1
2132;0,00;0;23;11;1
2133;1,00;1;23;11;1
2134;0,00;2;23;11;1
2135;4,00;0;24;11;1
2136;2,00;1;24;11;1
2137;1,00;2;24;11;1
2138;0,00;0;25;11;1
2139;0,00;1;25;11;1
2140;0,00;2;25;11;1
2141;0,00;0;26;11;1
2142;1,00;1;26;11;1
2143;0,00;2;26;11;1
2144;16,00;0;27;11;1
2145;12,00;1;27;11;1
2146;9,00;2;27;11;1
2147;4,00;0;28;11;1
2148;2,00;1;28;11;1
2149;7,00;2;28;11;1
2150;0,00;0;29;11;1
2151;0,00;1;29;11;1
2152;0,00;2;29;11;1
2153;2,00;0;30;11;1
2154;0,00;1;30;11;1
2155;0,00;2;30;11;1
2156;113,00;0;31;11;1
2157;132,00;1;31;11;1
2158;102,00;2;31;11;1
2159;13,00;0;32;11;1
2160;11,00;1;32;11;1
2161;16,00;2;32;11;1
2162;0,00;1;33;11;1
2163;0,00;2;33;11;1
2164;0,00;2;34;11;1
2165;1,00;0;0;12;1
2166;0,00;1;0;12;1
2167;0,00;2;0;12;1
2168;0,00;0;1;12;1
2169;0,00;1;1;12;1
2170;0,00;2;1;12;1
2171;0,00;0;2;12;1
2172;0,00;1;2;12;1
2173;0,00;2;2;12;1
2174;0,00;0;3;12;1
2175;0,00;1;3;12;1
2176;2,00;2;3;12;1
2177;5,00;0;4;12;1
2178;1,00;1;4;12;1
2179;3,00;2;4;12;1
2180;0,00;0;5;12;1
2181;0,00;1;5;12;1
2182;0,00;2;5;12;1
2183;0,00;0;6;12;1
2184;0,00;1;6;12;1
2185;0,00;2;6;12;1
2186;0,00;0;7;12;1
2187;0,00;1;7;12;1
2188;0,00;2;7;12;1
2189;0,00;0;8;12;1
2190;0,00;1;8;12;1
2191;0,00;2;8;12;1
2192;0,00;0;9;12;1
2193;0,00;1;9;12;1
2194;0,00;2;9;12;1
2195;1,00;0;10;12;1
2196;0,00;1;10;12;1
2197;2,00;2;10;12;1
2198;0,00;0;11;12;1
2199;0,00;1;11;12;1
2200;0,00;2;11;12;1
2201;0,00;0;12;12;1
2202;0,00;1;12;12;1
2203;0,00;2;12;12;1
2204;0,00;0;13;12;1
2205;0,00;1;13;12;1
2206;0,00;2;13;12;1
2207;0,00;0;14;12;1
2208;0,00;0;15;12;1
2209;0,00;1;15;12;1
2210;0,00;2;15;12;1
2211;0,00;0;16;12;1
2212;0,00;1;16;12;1
2213;0,00;2;16;12;1
2214;0,00;0;17;12;1
2215;0,00;1;17;12;1
2216;1,00;2;17;12;1
2217;0,00;0;18;12;1
2218;0,00;1;18;12;1
2219;0,00;2;18;12;1
2220;0,00;0;19;12;1
2221;0,00;1;19;12;1
2222;0,00;2;19;12;1
2223;0,00;0;20;12;1
2224;0,00;1;20;12;1
2225;0,00;2;20;12;1
2226;0,00;0;21;12;1
2227;0,00;1;21;12;1
2228;0,00;2;21;12;1
2229;0,00;0;22;12;1
2230;0,00;1;22;12;1
2231;0,00;2;22;12;1
2232;0,00;0;23;12;1
2233;0,00;1;23;12;1
2234;0,00;2;23;12;1
2235;0,00;0;24;12;1
2236;0,00;1;24;12;1
2237;0,00;2;24;12;1
2238;0,00;0;25;12;1
2239;0,00;1;25;12;1
2240;0,00;2;25;12;1
2241;0,00;0;26;12;1
2242;0,00;1;26;12;1
2243;0,00;2;26;12;1
2244;0,00;0;27;12;1
2245;0,00;1;27;12;1
2246;0,00;2;27;12;1
2247;0,00;0;28;12;1
2248;0,00;1;28;12;1
2249;0,00;2;28;12;1
2250;0,00;0;29;12;1
2251;0,00;1;29;12;1
2252;0,00;2;29;12;1
2253;0,00;0;30;12;1
2254;0,00;1;30;12;1
2255;0,00;2;30;12;1
2256;1,00;0;31;12;1
2257;0,00;1;31;12;1
2258;0,00;2;31;12;1
2259;0,00;0;32;12;1
2260;0,00;1;32;12;1
2261;0,00;2;32;12;1
2262;0,00;1;33;12;1
2263;0,00;2;33;12;1
2264;0,00;2;34;12;1
